{
  "version": "2020.2",
  "applications": [],
  "platforms": [],
  "systems": [
    {
      "name": "Display1_system",
      "platform": "/home/david/Documents/GitHub/djrm-EBAZ4205/workspace/SimpleVOut_Display1/export/SimpleVOut_Display1/SimpleVOut_Display1.xpfm",
      "sysConfig": "SimpleVOut_Display1",
      "buildConfig": "Debug",
      "applications": [
        {
          "name": "Display1",
          "platform": "/home/david/Documents/GitHub/djrm-EBAZ4205/workspace/SimpleVOut_Display1/export/SimpleVOut_Display1/SimpleVOut_Display1.xpfm",
          "platformPath": "/home/david/Documents/GitHub/djrm-EBAZ4205/workspace/SimpleVOut_Display1/export/SimpleVOut_Display1",
          "sysConfig": "SimpleVOut_Display1",
          "domain": "standalone_domain",
          "system": "Display1_system"
        }
      ],
      "platformPath": "/home/david/Documents/GitHub/djrm-EBAZ4205/workspace/SimpleVOut_Display1/export/SimpleVOut_Display1"
    }
  ],
  "others": []
}